tetramers,Freq.x,Covid_norm,malaria_tetramer_count$Freq,Mal_norm,SE,hiv_tetramer_count$Freq,hiv_norm,SE
AAAA,281,0.018456486,10,0.00617284,0.012283647,144,0.021978022,0.003521536
AAAC,213,0.013990148,14,0.008641975,0.005348172,68,0.01037851,0.003611637
AAAG,166,0.01090312,16,0.009876543,0.001026577,108,0.016483516,0.005580397
AAAT,263,0.01727422,8,0.004938272,0.012335948,65,0.009920635,0.007353585
AACA,285,0.018719212,14,0.008641975,0.010077237,87,0.013278388,0.005440824
AACC,108,0.007093596,18,0.011111111,0.004017515,74,0.011294261,0.004200665
AACG,115,0.007553366,7,0.004320988,0.003232379,58,0.008852259,0.001298893
AACT,195,0.012807882,16,0.009876543,0.002931339,40,0.006105006,0.006702876
AAGA,205,0.013464696,20,0.012345679,0.001119017,162,0.024725275,0.011260579
AAGC,36,0.002364532,28,0.017283951,0.014919419,11,0.001678877,0.000685655
AAGG,99,0.006502463,24,0.014814815,0.008312352,99,0.01510989,0.008607427
AAGT,195,0.012807882,12,0.007407407,0.005400474,39,0.005952381,0.006855501
AATA,160,0.010509031,13,0.008024691,0.00248434,56,0.008547009,0.001962023
AATC,174,0.011428571,5,0.00308642,0.008342152,42,0.006410256,0.005018315
AATG,126,0.008275862,2,0.001234568,0.007041294,30,0.004578755,0.003697107
AATT,259,0.017011494,8,0.004938272,0.012073223,36,0.005494505,0.011516989
ACAA,256,0.01681445,17,0.010493827,0.006320623,89,0.013583639,0.003230811
ACAC,156,0.010246305,9,0.005555556,0.00469075,49,0.007478632,0.002767673
ACAG,158,0.010377668,12,0.007407407,0.002970261,75,0.011446886,0.001069218
ACAT,239,0.015697865,10,0.00617284,0.009525026,52,0.007936508,0.007761357
ACCA,151,0.009917898,9,0.005555556,0.004362343,70,0.010683761,0.000765862
ACCC,39,0.002561576,12,0.007407407,0.004845831,53,0.008089133,0.005527557
ACCG,78,0.005123153,9,0.005555556,0.000432403,53,0.008089133,0.00296598
ACCT,86,0.005648604,25,0.015432099,0.009783494,45,0.006868132,0.001219528
ACGA,86,0.005648604,7,0.004320988,0.001327617,84,0.012820513,0.007171909
ACGC,43,0.002824302,6,0.003703704,0.000879402,12,0.001831502,0.0009928
ACGG,79,0.005188834,8,0.004938272,0.000250563,84,0.012820513,0.007631679
ACGT,164,0.010771757,5,0.00308642,0.007685337,60,0.009157509,0.001614248
ACTA,137,0.008998358,17,0.010493827,0.001495469,42,0.006410256,0.002588102
ACTC,131,0.008604269,15,0.009259259,0.00065499,32,0.004884005,0.003720264
ACTG,98,0.006436782,13,0.008024691,0.00158791,36,0.005494505,0.000942276
AGAA,209,0.013727422,24,0.014814815,0.001087393,128,0.01953602,0.005808598
AGAC,167,0.010968801,15,0.009259259,0.001709542,117,0.017857143,0.006888342
AGAG,80,0.005254516,25,0.015432099,0.010177583,83,0.012667888,0.007413372
AGAT,149,0.009786535,11,0.006790123,0.002996412,82,0.012515263,0.002728727
AGCA,36,0.002364532,21,0.012962963,0.010598431,10,0.001526252,0.00083828
AGCC,17,0.001116585,15,0.009259259,0.008142675,10,0.001526252,0.000409667
AGCG,20,0.001313629,6,0.003703704,0.002390075,11,0.001678877,0.000365248
AGCT,22,0.001444992,20,0.012345679,0.010900687,9,0.001373626,7.13654E-05
AGGA,90,0.00591133,20,0.012345679,0.006434349,107,0.016330891,0.010419561
AGGC,16,0.001050903,12,0.007407407,0.006356504,18,0.002747253,0.00169635
AGGG,33,0.002167488,25,0.015432099,0.013264611,92,0.014041514,0.011874026
AGTA,187,0.01228243,19,0.011728395,0.000554035,56,0.008547009,0.003735422
AGTC,117,0.007684729,4,0.002469136,0.005215593,31,0.00473138,0.002953349
AGTG,135,0.008866995,6,0.003703704,0.005163291,30,0.004578755,0.00428824
ATAA,144,0.009458128,10,0.00617284,0.003285289,82,0.012515263,0.003057134
ATAC,108,0.007093596,12,0.007407407,0.000313811,47,0.007173382,7.97861E-05
ATAG,81,0.005320197,13,0.008024691,0.002704494,41,0.006257631,0.000937434
ATAT,138,0.009064039,12,0.007407407,0.001656632,41,0.006257631,0.002806408
ATCA,173,0.01136289,10,0.00617284,0.00519005,51,0.007783883,0.003579007
ATCC,105,0.006896552,18,0.011111111,0.004214559,46,0.007020757,0.000124205
ATCG,139,0.009129721,7,0.004320988,0.004808733,33,0.00503663,0.004093091
ATGA,107,0.007027915,12,0.007407407,0.000379493,83,0.012667888,0.005639973
ATGC,41,0.002692939,6,0.003703704,0.001010764,3,0.000457875,0.002235064
ATGG,121,0.007947455,11,0.006790123,0.001157331,30,0.004578755,0.0033687
ATTA,219,0.014384236,9,0.005555556,0.008828681,47,0.007173382,0.007210854
ATTC,189,0.012413793,14,0.008641975,0.003771818,29,0.004426129,0.007987664
ATTG,179,0.011756979,4,0.002469136,0.009287843,22,0.003357753,0.008399225
CAAA,191,0.012545156,14,0.008641975,0.003903181,49,0.007478632,0.005066524
CAAC,194,0.0127422,16,0.009876543,0.002865657,52,0.007936508,0.004805692
CAAG,95,0.006239737,18,0.011111111,0.004871374,53,0.008089133,0.001849396
CACA,168,0.011034483,13,0.008024691,0.003009791,35,0.00534188,0.005692602
CACC,82,0.005385878,8,0.004938272,0.000447607,33,0.00503663,0.000349248
CACG,98,0.006436782,4,0.002469136,0.003967646,42,0.006410256,2.65252E-05
CAGA,118,0.007750411,15,0.009259259,0.001508849,77,0.011752137,0.004001726
CAGC,15,0.000985222,14,0.008641975,0.007656754,10,0.001526252,0.00054103
CAGG,70,0.004597701,12,0.007407407,0.002809706,56,0.008547009,0.003949307
CATA,109,0.007159278,10,0.00617284,0.000986438,52,0.007936508,0.00077723
CATC,128,0.008407225,19,0.011728395,0.00332117,31,0.00473138,0.003675845
CATG,131,0.008604269,12,0.007407407,0.001196862,39,0.005952381,0.002651888
CCAA,115,0.007553366,12,0.007407407,0.000145959,33,0.00503663,0.002516736
CCAC,99,0.006502463,13,0.008024691,0.001522228,40,0.006105006,0.000397457
CCAG,55,0.003612479,13,0.008024691,0.004412212,42,0.006410256,0.002797777
CCCA,56,0.003678161,11,0.006790123,0.003111963,46,0.007020757,0.003342596
CCCC,14,0.00091954,6,0.003703704,0.002784163,37,0.005647131,0.00472759
CCCG,17,0.001116585,5,0.00308642,0.001969835,34,0.005189255,0.004072671
CCGA,48,0.003152709,8,0.004938272,0.001785562,45,0.006868132,0.003715423
CCGC,13,0.000853859,4,0.002469136,0.001615277,16,0.002442002,0.001588144
CCGG,32,0.002101806,12,0.007407407,0.005305601,36,0.005494505,0.003392699
CCTA,51,0.003349754,14,0.008641975,0.005292222,35,0.00534188,0.001992127
CCTC,31,0.002036125,16,0.009876543,0.007840418,35,0.00534188,0.003305756
CGAA,95,0.006239737,8,0.004938272,0.001301466,59,0.009004884,0.002765147
CGAC,71,0.004663383,3,0.001851852,0.002811531,58,0.008852259,0.004188876
CGAG,54,0.003546798,4,0.002469136,0.001077662,33,0.00503663,0.001489832
CGCA,34,0.002233169,4,0.002469136,0.000235967,11,0.001678877,0.000554292
CGCC,20,0.001313629,4,0.002469136,0.001155507,13,0.001984127,0.000670498
CGCG,17,0.001116585,4,0.002469136,0.001352551,12,0.001831502,0.000714917
CGGA,61,0.004006568,14,0.008641975,0.004635407,68,0.01037851,0.006371942
CGGC,21,0.00137931,6,0.003703704,0.002324393,14,0.002136752,0.000757442
CGTA,153,0.010049261,10,0.00617284,0.003876422,29,0.004426129,0.005623132
CGTC,112,0.007356322,5,0.00308642,0.004269902,40,0.006105006,0.001251316
CTAA,109,0.007159278,11,0.006790123,0.000369154,33,0.00503663,0.002122647
CTAC,94,0.006174056,19,0.011728395,0.005554339,30,0.004578755,0.001595301
CTAG,60,0.003940887,13,0.008024691,0.004083805,23,0.003510379,0.000430508
CTCA,101,0.006633826,12,0.007407407,0.000773581,37,0.005647131,0.000986695
CTCC,54,0.003546798,18,0.011111111,0.007564313,31,0.00473138,0.001184582
CTGA,76,0.00499179,11,0.006790123,0.001798334,32,0.004884005,0.000107785
CTGC,23,0.001510673,7,0.004320988,0.002810314,5,0.000763126,0.000747547
CTTA,133,0.008735632,13,0.008024691,0.000710941,27,0.004120879,0.004614753
CTTC,131,0.008604269,23,0.014197531,0.005593262,28,0.004273504,0.004330765
GAAA,205,0.013464696,14,0.008641975,0.004822721,113,0.017246642,0.003781946
GAAC,120,0.007881773,12,0.007407407,0.000474366,86,0.013125763,0.00524399
GACA,161,0.010574713,6,0.003703704,0.006871009,85,0.012973138,0.002398425
GACC,80,0.005254516,7,0.004320988,0.000933528,79,0.012057387,0.006802871
GAGA,132,0.008669951,23,0.014197531,0.00552758,107,0.016330891,0.007660941
GAGC,12,0.000788177,8,0.004938272,0.004150094,16,0.002442002,0.001653825
GATA,91,0.005977011,13,0.008024691,0.00204768,56,0.008547009,0.002569997
GATC,89,0.005845649,3,0.001851852,0.003993797,43,0.006562882,0.000717233
GCAA,45,0.002955665,7,0.004320988,0.001365323,8,0.001221001,0.001734664
GCAC,41,0.002692939,8,0.004938272,0.002245332,10,0.001526252,0.001166688
GCCA,29,0.001904762,7,0.004320988,0.002416226,13,0.001984127,7.93651E-05
GCCC,13,0.000853859,12,0.007407407,0.006553549,20,0.003052503,0.002198644
GCGA,22,0.001444992,2,0.001234568,0.000210424,9,0.001373626,7.13654E-05
GCGC,13,0.000853859,4,0.002469136,0.001615277,9,0.001373626,0.000519768
GCTA,21,0.00137931,10,0.00617284,0.004793529,8,0.001221001,0.000158309
GGAA,120,0.007881773,13,0.008024691,0.000142918,82,0.012515263,0.004633489
GGAC,85,0.005582923,5,0.00308642,0.002496503,91,0.013888889,0.008305966
GGCA,30,0.001970443,12,0.007407407,0.005436964,11,0.001678877,0.000291567
GGCC,10,0.000656814,11,0.006790123,0.006133309,18,0.002747253,0.002090438
GGGA,53,0.003481117,17,0.010493827,0.007012711,77,0.011752137,0.00827102
GGTA,175,0.011494253,23,0.014197531,0.002703278,67,0.010225885,0.001268368
GTAA,234,0.015369458,17,0.010493827,0.004875631,53,0.008089133,0.007280325
GTAC,121,0.007947455,20,0.012345679,0.004398224,50,0.007631258,0.000316197
GTCA,157,0.010311987,7,0.004320988,0.005990999,50,0.007631258,0.002680729
GTGA,146,0.009589491,9,0.005555556,0.004033935,51,0.007783883,0.001805608
GTTA,189,0.012413793,11,0.006790123,0.00562367,37,0.005647131,0.006766662
TAAA,245,0.016091954,10,0.00617284,0.009919115,79,0.012057387,0.004034567
TACA,195,0.012807882,15,0.009259259,0.003548623,58,0.008852259,0.003955623
TAGA,150,0.009852217,17,0.010493827,0.00064161,64,0.00976801,8.4207E-05
TATA,111,0.00729064,11,0.006790123,0.000500517,47,0.007173382,0.000117258
TCAA,199,0.013070608,14,0.008641975,0.004428632,58,0.008852259,0.004218349
TCCA,140,0.009195402,20,0.012345679,0.003150277,42,0.006410256,0.002785146
TCGA,145,0.00952381,4,0.002469136,0.007054674,39,0.005952381,0.003571429
TGAA,156,0.010246305,22,0.013580247,0.003333941,61,0.009310134,0.000936171
TGCA,64,0.004203612,6,0.003703704,0.000499909,2,0.00030525,0.003898362
TTAA,274,0.017996716,12,0.007407407,0.010589309,48,0.007326007,0.010670709
,,,,,,,,
Total,15225,,1620,,,6552,,
,,,,,,,,
,,MSE,,,0.5645223,,, 0.466776557 
